ASV	Phylum	Class	Order	Family	Genus	Species	Best_match	Label_match
ASV_1	Dinoflagellata	Dinophyceae	Suessiales	Symbiodiniaceae	Cladocopium	NA	C1_C78a	ASV_1_C1_C78a
ASV_10	Dinoflagellata	Dinophyceae	Suessiales	NA	NA	NA	NA	NA
ASV_1000	Dinoflagellata	Dinophyceae	Suessiales	Symbiodiniaceae	clade_J	NA	79.6_J_LC503420	ASV_1000_79.6_J_LC503420
ASV_1001	Dinoflagellata	Dinophyceae	Suessiales	Symbiodiniaceae	Cladocopium	NA	95.4_C15lm	ASV_1001_95.4_C15lm
ASV_1006	Dinoflagellata	Dinophyceae	Peridiniales	Heterocapsaceae	Heterocapsa	Heterocapsa_triquetra	NA	NA
ASV_1007	Dinoflagellata	Dinophyceae	NA	NA	NA	NA	NA	NA
ASV_1008	Dinoflagellata	Dinophyceae	Gymnodiniales	Kareniaceae	Karlodinium	Karlodinium_veneficum	NA	NA
ASV_1009	Dinoflagellata	Dinophyceae	NA	NA	NA	NA	NA	NA
ASV_101	Dinoflagellata	Dinophyceae	Suessiales	Symbiodiniaceae	Fugacium	NA	98.9_F5.1_F5g/F5n	ASV_101_98.9_F5.1_F5g/F5n
ASV_1010	Dinoflagellata	Dinophyceae	Gymnodiniales	Gymnodiniaceae	Gymnodinium	NA	NA	NA
ASV_1011	Dinoflagellata	Dinophyceae	NA	NA	NA	NA	NA	NA
ASV_1012	Dinoflagellata	Dinophyceae	Gymnodiniales	Kareniaceae	NA	NA	NA	NA
ASV_1017	Dinoflagellata	Dinophyceae	Gonyaulacales	Amphidomataceae	Azadinium	NA	NA	NA
ASV_102	Dinoflagellata	Dinophyceae	Suessiales	Symbiodiniaceae	Symbiodinium	NA	98.7_A13i	ASV_102_98.7_A13i
ASV_1022	Dinoflagellata	Dinophyceae	NA	NA	NA	NA	NA	NA
ASV_1023	Dinoflagellata	Dinophyceae	NA	NA	NA	NA	NA	NA
ASV_1024	Dinoflagellata	Dinophyceae	Gymnodiniales	Kareniaceae	Karlodinium	Karlodinium_veneficum	NA	NA
ASV_1025	Dinoflagellata	Dinophyceae	Gonyaulacales	Amphidomataceae	Azadinium	Azadinium_trinitatum	NA	NA
ASV_1026	Dinoflagellata	Dinophyceae	NA	NA	NA	NA	NA	NA
ASV_1027	Dinoflagellata	Dinophyceae	Prorocentrales	Prorocentraceae	Prorocentrum	Prorocentrum_emarginatum	NA	NA
ASV_1028	Dinoflagellata	Dinophyceae	Gymnodiniales	Gymnodiniaceae	Gymnodinium	Gymnodinium_sp	NA	NA
ASV_1033	Dinoflagellata	Dinophyceae	Gymnodiniales	Kareniaceae	Karlodinium	NA	NA	NA
ASV_1034	Dinoflagellata	Dinophyceae	Prorocentrales	Prorocentraceae	Prorocentrum	NA	NA	NA
ASV_1035	Dinoflagellata	Dinophyceae	Prorocentrales	Prorocentraceae	Prorocentrum	NA	NA	NA
ASV_1037	Dinoflagellata	Dinophyceae	NA	NA	NA	NA	NA	NA
ASV_1039	Dinoflagellata	Dinophyceae	Suessiales	Symbiodiniaceae	Symbiodinium	NA	76.9_A1my	ASV_1039_76.9_A1my
ASV_1040	Dinoflagellata	Dinophyceae	NA	NA	NA	NA	NA	NA
ASV_1045	Dinoflagellata	Dinophyceae	Gymnodiniales	NA	NA	NA	NA	NA
ASV_1046	Dinoflagellata	Dinophyceae	NA	NA	NA	NA	NA	NA
ASV_1047	Dinoflagellata	Dinophyceae	NA	NA	NA	NA	NA	NA
ASV_1051	Dinoflagellata	Dinophyceae	Gymnodiniales	Gymnodiniaceae	Gymnodinium	NA	NA	NA
ASV_1053	Dinoflagellata	Dinophyceae	Gymnodiniales	Kareniaceae	Karenia	Karenia_mikimotoi	NA	NA
ASV_1054	Dinoflagellata	Dinophyceae	NA	NA	NA	NA	NA	NA
ASV_1058	Dinoflagellata	Dinophyceae	Suessiales	Symbiodiniaceae	Freudenthalidium	5892_F_id87.7_F3.2	79.9_F3o	ASV_1058_79.9_F3o
ASV_1059	Dinoflagellata	Dinophyceae	Gymnodiniales	Gymnodiniaceae	NA	NA	NA	NA
ASV_106	Dinoflagellata	Dinophyceae	Suessiales	Symbiodiniaceae	Symbiodinium	A_EU106365_A5a_A5y_99.6	A5a	ASV_106_A5a
ASV_1061	Dinoflagellata	Dinophyceae	NA	NA	NA	NA	NA	NA
ASV_1062	Dinoflagellata	Dinophyceae	Gymnodiniales	Kareniaceae	NA	NA	NA	NA
ASV_1063	Dinoflagellata	Dinophyceae	Peridiniales	Heterocapsaceae	Heterocapsa	Heterocapsa_triquetra	NA	NA
ASV_1065	Dinoflagellata	Dinophyceae	NA	NA	NA	NA	NA	NA
ASV_1075	Dinoflagellata	Dinophyceae	NA	NA	NA	NA	NA	NA
ASV_1078	Dinoflagellata	Dinophyceae	Suessiales	Suessiaceae	NA	NA	NA	NA
ASV_1079	Dinoflagellata	Dinophyceae	NA	NA	NA	NA	NA	NA
ASV_1080	Dinoflagellata	Dinophyceae	Suessiales	Symbiodiniaceae	Cladocopium	NA	97.8_C3gd	ASV_1080_97.8_C3gd
ASV_1082	Dinoflagellata	Dinophyceae	NA	NA	NA	NA	NA	NA
ASV_1084	Dinoflagellata	Dinophyceae	NA	NA	NA	NA	NA	NA
ASV_1087	Dinoflagellata	Dinophyceae	Suessiales	Symbiodiniaceae	Cladocopium	NA	95.7_C12a	ASV_1087_95.7_C12a
ASV_1088	Dinoflagellata	Dinophyceae	Gonyaulacales	Gonyaulacaceae	Alexandrium	Alexandrium_tamutum	NA	NA
ASV_1089	Dinoflagellata	Dinophyceae	NA	NA	NA	NA	NA	NA
ASV_109	Dinoflagellata	Dinophyceae	Suessiales	Suessiaceae	NA	NA	NA	NA
ASV_1091	Dinoflagellata	Dinophyceae	Suessiales	Symbiodiniaceae	Symbiodinium	A_EU106366	93.4_A2r	ASV_1091_93.4_A2r
ASV_1095	Dinoflagellata	Dinophyceae	Gymnodiniales	Gymnodiniaceae	NA	NA	NA	NA
ASV_1096	Dinoflagellata	Dinophyceae	Gymnodiniales	Gymnodiniaceae	NA	NA	NA	NA
ASV_1099	Dinoflagellata	Dinophyceae	Gonyaulacales	Amphidomataceae	Azadinium	NA	NA	NA
ASV_11	Dinoflagellata	Dinophyceae	Suessiales	Symbiodiniaceae	Freudenthalidium	F3_AJ291525_F3.1_F3h_99.6	F3w	ASV_11_F3w
ASV_1100	Dinoflagellata	Dinophyceae	Peridiniales	Heterocapsaceae	Heterocapsa	Heterocapsa_triquetra	NA	NA
ASV_1103	Dinoflagellata	Dinophyceae	Gymnodiniales	Gymnodiniaceae	NA	NA	NA	NA
ASV_1104	Dinoflagellata	Dinophyceae	NA	NA	NA	NA	NA	NA
ASV_1105	Dinoflagellata	Dinophyceae	NA	NA	NA	NA	NA	NA
ASV_1107	Dinoflagellata	Dinophyceae	NA	NA	NA	NA	NA	NA
ASV_1108	Dinoflagellata	Dinophyceae	Gymnodiniales	Kareniaceae	Karlodinium	Karlodinium_veneficum	NA	NA
ASV_111	Dinoflagellata	Dinophyceae	Suessiales	Symbiodiniaceae	clade_I	NA	I4f	ASV_111_I4f
ASV_1111	Dinoflagellata	Dinophyceae	Gymnodiniales	Gymnodiniaceae	Paragymnodinium	Paragymnodinium_shiwhaense	NA	NA
ASV_1113	Dinoflagellata	Dinophyceae	Gymnodiniales	Gymnodiniaceae	NA	NA	NA	NA
ASV_1117	Dinoflagellata	Dinophyceae	Suessiales	Symbiodiniaceae	Symbiodinium	NA	78.7_A1mw	ASV_1117_78.7_A1mw
ASV_1121	Dinoflagellata	Dinophyceae	NA	NA	NA	NA	NA	NA
ASV_1122	Dinoflagellata	Dinophyceae	Gymnodiniales	Kareniaceae	NA	NA	NA	NA
ASV_1123	Dinoflagellata	Dinophyceae	NA	NA	NA	NA	NA	NA
ASV_1124	Dinoflagellata	Dinophyceae	NA	NA	NA	NA	NA	NA
ASV_1125	Dinoflagellata	Dinophyceae	Gymnodiniales	Kareniaceae	Karlodinium	Karlodinium_veneficum	NA	NA
ASV_1126	Dinoflagellata	Dinophyceae	Gymnodiniales	Kareniaceae	Karlodinium	NA	NA	NA
ASV_1127	Dinoflagellata	Dinophyceae	Gymnodiniales	Gymnodiniaceae	Cochlodinium	Cochlodinium_fulvescens	NA	NA
ASV_1128	Dinoflagellata	Dinophyceae	Gymnodiniales	Kareniaceae	Karlodinium	NA	NA	NA
ASV_1131	Dinoflagellata	Dinophyceae	Gymnodiniales	Kareniaceae	Karlodinium	Karlodinium_zhouanum	NA	NA
ASV_1132	Dinoflagellata	Dinophyceae	Gymnodiniales	Kareniaceae	Karlodinium	Karlodinium_veneficum	NA	NA
ASV_1135	Dinoflagellata	Dinophyceae	Suessiales	Symbiodiniaceae	clade_J	J_LC503409_17OKTs6-04	98.5_J_LC503420	ASV_1135_98.5_J_LC503420
ASV_1137	Dinoflagellata	Dinophyceae	NA	NA	NA	NA	NA	NA
ASV_1140	Dinoflagellata	Dinophyceae	Suessiales	Symbiodiniaceae	Freudenthalidium	NA	86.3_F3o	ASV_1140_86.3_F3o
ASV_1144	Dinoflagellata	Dinophyceae	Suessiales	Symbiodiniaceae	clade_J	NA	79.9_J_LC503420	ASV_1144_79.9_J_LC503420
ASV_1145	Dinoflagellata	Dinophyceae	Suessiales	Suessiaceae	Pelagodinium	Pelagodinium_sp	NA	NA
ASV_1146	Dinoflagellata	Dinophyceae	NA	NA	NA	NA	NA	NA
ASV_1148	Dinoflagellata	Dinophyceae	Gymnodiniales	NA	NA	NA	NA	NA
ASV_1150	Dinoflagellata	Dinophyceae	Gymnodiniales	Kareniaceae	Takayama	Takayama_acrotrocha	NA	NA
ASV_1151	Dinoflagellata	Dinophyceae	NA	NA	NA	NA	NA	NA
ASV_1152	Dinoflagellata	Dinophyceae	NA	NA	NA	NA	NA	NA
ASV_1156	Dinoflagellata	Dinophyceae	Suessiales	Symbiodiniaceae	Miliolidium	NA	88_M_D1.2_PSP1-05	ASV_1156_88_M_D1.2_PSP1-05
ASV_1157	Dinoflagellata	Dinophyceae	Peridiniales	Heterocapsaceae	Heterocapsa	Heterocapsa_sp	NA	NA
ASV_1158	Dinoflagellata	Dinophyceae	Suessiales	Biecheleriaceae	Biecheleria	Biecheleria_cincta	NA	NA
ASV_1159	Dinoflagellata	Dinophyceae	Gymnodiniales	Gymnodiniaceae	NA	NA	NA	NA
ASV_116	Dinoflagellata	Dinophyceae	Suessiales	Symbiodiniaceae	Symbiodinium	5599_A_id89.4_A2i	97.5_A2q	ASV_116_97.5_A2q
ASV_1160	Dinoflagellata	Dinophyceae	Gymnodiniales	Kareniaceae	NA	NA	NA	NA
ASV_1163	Dinoflagellata	Dinophyceae	Prorocentrales	Prorocentraceae	Prorocentrum	Prorocentrum_emarginatum	NA	NA
ASV_1164	Dinoflagellata	Dinophyceae	Suessiales	Symbiodiniaceae	Symbiodinium	NA	77.2_A2t	ASV_1164_77.2_A2t
ASV_1170	Dinoflagellata	Dinophyceae	Peridiniales	Heterocapsaceae	Heterocapsa	NA	NA	NA
ASV_1171	Dinoflagellata	Dinophyceae	Gymnodiniales	Gymnodiniaceae	Paragymnodinium	Paragymnodinium_shiwhaense	NA	NA
ASV_1172	Dinoflagellata	Dinophyceae	Gymnodiniales	Kareniaceae	Karlodinium	NA	NA	NA
ASV_1173	Dinoflagellata	Dinophyceae	Gymnodiniales	Kareniaceae	Karlodinium	Karlodinium_veneficum	NA	NA
ASV_1176	Dinoflagellata	Dinophyceae	Gymnodiniales	Kareniaceae	Karlodinium	Karlodinium_sp	NA	NA
ASV_1177	Dinoflagellata	Dinophyceae	Suessiales	Symbiodiniaceae	Freudenthalidium	F3_AJ291525_F3.1_F3h_99.6	84.2_F3.1	ASV_1177_84.2_F3.1
ASV_1184	Dinoflagellata	Dinophyceae	Suessiales	Symbiodiniaceae	Symbiodinium	5746_A_id84.4_A2ab	97_A2t	ASV_1184_97_A2t
ASV_1185	Dinoflagellata	Dinophyceae	Suessiales	Suessiaceae	NA	NA	NA	NA
ASV_1186	Dinoflagellata	Dinophyceae	Gymnodiniales	Kareniaceae	NA	NA	NA	NA
ASV_1187	Dinoflagellata	Dinophyceae	Gymnodiniales	Gymnodiniaceae	Gyrodiniellum	Gyrodiniellum_shiwhaense	NA	NA
ASV_1188	Dinoflagellata	Dinophyceae	Gymnodiniales	NA	NA	NA	NA	NA
ASV_119	Dinoflagellata	Dinophyceae	Suessiales	Symbiodiniaceae	Durusdinium	NA	D4l	ASV_119_D4l
ASV_1190	Dinoflagellata	Dinophyceae	NA	NA	NA	NA	NA	NA
ASV_1191	Dinoflagellata	Dinophyceae	Gymnodiniales	Kareniaceae	NA	NA	NA	NA
ASV_1192	Dinoflagellata	Dinophyceae	Gymnodiniales	Gymnodiniaceae	Gymnodinium	NA	NA	NA
ASV_1193	Dinoflagellata	Dinophyceae	Gymnodiniales	Kareniaceae	Karlodinium	Karlodinium_veneficum	NA	NA
ASV_1194	Dinoflagellata	Dinophyceae	Suessiales	Symbiodiniaceae	Symbiodinium	A_DQ174724|A_DQ174725_A5ad_98.7_A5ah_98.7	83.8_A5ah	ASV_1194_83.8_A5ah
ASV_1195	Dinoflagellata	Dinophyceae	Gonyaulacales	Gonyaulacaceae	Alexandrium	Alexandrium_insuetum	NA	NA
ASV_1196	Dinoflagellata	Dinophyceae	NA	NA	NA	NA	NA	NA
ASV_1198	Dinoflagellata	Dinophyceae	Thoracosphaerales	Thoracosphaeraceae	Scrippsiella	Scrippsiella_hangoei	NA	NA
ASV_12	Dinoflagellata	Dinophyceae	Suessiales	Symbiodiniaceae	Miliolidium	M_AM748617_D1.2	91_M_D1.2_PSP1-05	ASV_12_91_M_D1.2_PSP1-05
ASV_1204	Dinoflagellata	Dinophyceae	Suessiales	Symbiodiniaceae	Symbiodinium	NA	85.4_A2w	ASV_1204_85.4_A2w
ASV_1206	Dinoflagellata	Dinophyceae	Suessiales	Symbiodiniaceae	Symbiodinium	5883_A_id84.8_A2ab	97.5_A2t	ASV_1206_97.5_A2t
ASV_1208	Dinoflagellata	Dinophyceae	Suessiales	Symbiodiniaceae	Symbiodinium	NA	77.2_A2t	ASV_1208_77.2_A2t
ASV_121	Dinoflagellata	Dinophyceae	Suessiales	Symbiodiniaceae	Symbiodinium	NA	A1	ASV_121_A1
ASV_1210	Dinoflagellata	Dinophyceae	NA	NA	NA	NA	NA	NA
ASV_1213	Dinoflagellata	Dinophyceae	Gonyaulacales	Amphidomataceae	Azadinium	Azadinium_dexteroporum	NA	NA
ASV_1214	Dinoflagellata	Dinophyceae	Gymnodiniales	Kareniaceae	Karlodinium	Karlodinium_veneficum	NA	NA
ASV_1216	Dinoflagellata	Dinophyceae	NA	NA	NA	NA	NA	NA
ASV_1217	Dinoflagellata	Dinophyceae	NA	NA	NA	NA	NA	NA
ASV_1218	Dinoflagellata	Dinophyceae	NA	NA	NA	NA	NA	NA
ASV_1219	Dinoflagellata	Dinophyceae	Peridiniales	Heterocapsaceae	Heterocapsa	Heterocapsa_triquetra	NA	NA
ASV_1221	Dinoflagellata	Dinophyceae	NA	NA	NA	NA	NA	NA
ASV_1222	Dinoflagellata	Dinophyceae	Thoracosphaerales	Thoracosphaeraceae	Scrippsiella	Scrippsiella_sp	NA	NA
ASV_1223	Dinoflagellata	Dinophyceae	Gymnodiniales	Gymnodiniaceae	Gymnodinium	NA	NA	NA
ASV_1227	Dinoflagellata	Dinophyceae	NA	NA	NA	NA	NA	NA
ASV_1229	Dinoflagellata	Dinophyceae	Thoracosphaerales	Thoracosphaeraceae	Scrippsiella	Scrippsiella_hangoei	NA	NA
ASV_1231	Dinoflagellata	Dinophyceae	Suessiales	Symbiodiniaceae	clade_I	5572_I_id99.6_I4f	99.6_I4f	ASV_1231_99.6_I4f
ASV_1236	Dinoflagellata	Dinophyceae	Thoracosphaerales	Thoracosphaeraceae	Scrippsiella	Scrippsiella_sp	NA	NA
ASV_1240	Dinoflagellata	Dinophyceae	NA	NA	NA	NA	NA	NA
ASV_1241	Dinoflagellata	Dinophyceae	Suessiales	Symbiodiniaceae	Halluxium	H5_AM748609_H5_H5a_99.6	99.3_H5	ASV_1241_99.3_H5
ASV_1246	Dinoflagellata	Dinophyceae	Suessiales	Symbiodiniaceae	Symbiodinium	NA	75.4_A4x_A4u	ASV_1246_75.4_A4x_A4u
ASV_1248	Dinoflagellata	Dinophyceae	NA	NA	NA	NA	NA	NA
ASV_125	Dinoflagellata	Dinophyceae	Suessiales	Suessiaceae	Polarella	Polarella_glacialis	NA	NA
ASV_1250	Dinoflagellata	Dinophyceae	Gymnodiniales	Kareniaceae	NA	NA	NA	NA
ASV_1251	Dinoflagellata	Dinophyceae	Gymnodiniales	Kareniaceae	NA	NA	NA	NA
ASV_1252	Dinoflagellata	Dinophyceae	Gymnodiniales	Kareniaceae	Karenia	Karenia_papilionacea	NA	NA
ASV_1253	Dinoflagellata	Dinophyceae	Gymnodiniales	Kareniaceae	Karlodinium	Karlodinium_veneficum	NA	NA
ASV_1254	Dinoflagellata	Dinophyceae	Gymnodiniales	Kareniaceae	Karlodinium	Karlodinium_veneficum	NA	NA
ASV_1255	Dinoflagellata	Dinophyceae	Peridiniales	Heterocapsaceae	Heterocapsa	Heterocapsa_triquetra	NA	NA
ASV_1256	Dinoflagellata	Dinophyceae	Gymnodiniales	Kareniaceae	NA	NA	NA	NA
ASV_1257	Dinoflagellata	Dinophyceae	Gymnodiniales	Kareniaceae	NA	NA	NA	NA
ASV_1258	Dinoflagellata	Dinophyceae	Gymnodiniales	Kareniaceae	Karlodinium	NA	NA	NA
ASV_1259	Dinoflagellata	Dinophyceae	Gymnodiniales	Kareniaceae	Karlodinium	Karlodinium_veneficum	NA	NA
ASV_126	Dinoflagellata	Dinophyceae	Suessiales	Suessiaceae	Polarella	Polarella_glacialis	NA	NA
ASV_1262	Dinoflagellata	Dinophyceae	Gymnodiniales	Kareniaceae	Karlodinium	NA	NA	NA
ASV_1263	Dinoflagellata	Dinophyceae	Gonyaulacales	Amphidomataceae	Azadinium	Azadinium_dexteroporum	NA	NA
ASV_1264	Dinoflagellata	Dinophyceae	Gymnodiniales	Kareniaceae	Karlodinium	Karlodinium_sp	NA	NA
ASV_1265	Dinoflagellata	Dinophyceae	Gymnodiniales	Kareniaceae	Karlodinium	Karlodinium_veneficum	NA	NA
ASV_1269	Dinoflagellata	Dinophyceae	Gymnodiniales	Kareniaceae	NA	NA	NA	NA
ASV_1277	Dinoflagellata	Dinophyceae	Gonyaulacales	Gonyaulacaceae	NA	NA	NA	NA
ASV_1279	Dinoflagellata	Dinophyceae	Suessiales	NA	NA	NA	NA	NA
ASV_1280	Dinoflagellata	Dinophyceae	Suessiales	Suessiaceae	NA	NA	NA	NA
ASV_1281	Dinoflagellata	Dinophyceae	Suessiales	Symbiodiniaceae	Freudenthalidium	NA	89.6_F3o	ASV_1281_89.6_F3o
ASV_1282	Dinoflagellata	Dinophyceae	Gymnodiniales	Kareniaceae	Karlodinium	Karlodinium_veneficum	NA	NA
ASV_1283	Dinoflagellata	Dinophyceae	Gymnodiniales	Kareniaceae	Karlodinium	Karlodinium_veneficum	NA	NA
ASV_1284	Dinoflagellata	Dinophyceae	Peridiniales	Heterocapsaceae	Heterocapsa	Heterocapsa_sp	NA	NA
ASV_1285	Dinoflagellata	Dinophyceae	Peridiniales	Heterocapsaceae	Heterocapsa	Heterocapsa_minima	NA	NA
ASV_1286	Dinoflagellata	Dinophyceae	Gymnodiniales	Kareniaceae	Karlodinium	NA	NA	NA
ASV_1287	Dinoflagellata	Dinophyceae	Gymnodiniales	Kareniaceae	NA	NA	NA	NA
ASV_1288	Dinoflagellata	Dinophyceae	Gonyaulacales	Amphidomataceae	Azadinium	NA	NA	NA
ASV_1289	Dinoflagellata	Dinophyceae	Gymnodiniales	Kareniaceae	Takayama	Takayama_acrotrocha	NA	NA
ASV_129	Dinoflagellata	Dinophyceae	Peridiniales	Heterocapsaceae	Heterocapsa	Heterocapsa_triquetra	NA	NA
ASV_1290	Dinoflagellata	Dinophyceae	NA	NA	NA	NA	NA	NA
ASV_1291	Dinoflagellata	Dinophyceae	Suessiales	Symbiodiniaceae	Symbiodinium	NA	75.3_A1di	ASV_1291_75.3_A1di
ASV_1293	Dinoflagellata	Dinophyceae	NA	NA	NA	NA	NA	NA
ASV_1295	Dinoflagellata	Dinophyceae	Gonyaulacales	Amphidomataceae	Azadinium	NA	NA	NA
ASV_130	Dinoflagellata	Dinophyceae	Gymnodiniales	Gymnodiniaceae	Gyrodiniellum	Gyrodiniellum_shiwhaense	NA	NA
ASV_1307	Dinoflagellata	Dinophyceae	Suessiales	Suessiaceae	NA	NA	NA	NA
ASV_131	Dinoflagellata	Dinophyceae	Suessiales	Suessiaceae	Polarella	Polarella_glacialis	NA	NA
ASV_1311	Dinoflagellata	Dinophyceae	Gymnodiniales	NA	NA	NA	NA	NA
ASV_1317	Dinoflagellata	Dinophyceae	Suessiales	Symbiodiniaceae	Symbiodinium	5841_A_id83.3_A1ms	81.7_A1mw	ASV_1317_81.7_A1mw
ASV_1319	Dinoflagellata	Dinophyceae	Suessiales	Symbiodiniaceae	clade_I	NA	70.2_I4	ASV_1319_70.2_I4
ASV_1320	Dinoflagellata	Dinophyceae	Suessiales	NA	NA	NA	NA	NA
ASV_1324	Dinoflagellata	Dinophyceae	NA	NA	NA	NA	NA	NA
ASV_1326	Dinoflagellata	Dinophyceae	Peridiniales	Heterocapsaceae	Heterocapsa	Heterocapsa_triquetra	NA	NA
ASV_1327	Dinoflagellata	Dinophyceae	NA	NA	NA	NA	NA	NA
ASV_1328	Dinoflagellata	Dinophyceae	Gymnodiniales	Kareniaceae	NA	NA	NA	NA
ASV_1329	Dinoflagellata	Dinophyceae	Gymnodiniales	Kareniaceae	Karlodinium	Karlodinium_veneficum	NA	NA
ASV_1330	Dinoflagellata	Dinophyceae	Gymnodiniales	Kareniaceae	NA	NA	NA	NA
ASV_1331	Dinoflagellata	Dinophyceae	Prorocentrales	Prorocentraceae	Prorocentrum	Prorocentrum_triestinum	NA	NA
ASV_1332	Dinoflagellata	Dinophyceae	Gymnodiniales	Kareniaceae	Gertia	Gertia_stigmatica	NA	NA
ASV_1334	Dinoflagellata	Dinophyceae	Gymnodiniales	Kareniaceae	Takayama	Takayama_acrotrocha	NA	NA
ASV_1335	Dinoflagellata	Dinophyceae	NA	NA	NA	NA	NA	NA
ASV_1339	Dinoflagellata	Dinophyceae	NA	NA	NA	NA	NA	NA
ASV_134	Dinoflagellata	Dinophyceae	Suessiales	Symbiodiniaceae	Freudenthalidium	6012_F_id92.2_F3.2	92.5_F3o	ASV_134_92.5_F3o
ASV_1345	Dinoflagellata	Dinophyceae	Gymnodiniales	Gymnodiniaceae	Paragymnodinium	Paragymnodinium_shiwhaense	NA	NA
ASV_1346	Dinoflagellata	Dinophyceae	Gymnodiniales	Kareniaceae	Karlodinium	NA	NA	NA
ASV_1347	Dinoflagellata	Dinophyceae	Suessiales	Biecheleriaceae	Biecheleria	NA	NA	NA
ASV_1351	Dinoflagellata	Dinophyceae	Gymnodiniales	Gymnodiniaceae	Lepidodinium	Lepidodinium_viride	NA	NA
ASV_1353	Dinoflagellata	Dinophyceae	Suessiales	Symbiodiniaceae	Symbiodinium	5982_A_id98.3_A2y	97_A2y	ASV_1353_97_A2y
ASV_1356	Dinoflagellata	Dinophyceae	NA	NA	NA	NA	NA	NA
ASV_1357	Dinoflagellata	Dinophyceae	Suessiales	NA	NA	NA	NA	NA
ASV_1358	Dinoflagellata	Dinophyceae	Suessiales	Symbiodiniaceae	Freudenthalidium_blastn	NA	74.2_F3q	ASV_1358_74.2_F3q
ASV_136	Dinoflagellata	Dinophyceae	Gymnodiniales	Gymnodiniaceae	Gyrodiniellum	Gyrodiniellum_shiwhaense	NA	NA
ASV_1361	Dinoflagellata	Dinophyceae	Suessiales	Symbiodiniaceae	Symbiodinium	5902_A_id97.9_A1my	97.9_A1my	ASV_1361_97.9_A1my
ASV_1367	Dinoflagellata	Dinophyceae	Gymnodiniales	Kareniaceae	Karlodinium	NA	NA	NA
ASV_1368	Dinoflagellata	Dinophyceae	Peridiniales	Diplopsaliaceae	Diplopsalis	Diplopsalis_lenticula	NA	NA
ASV_1369	Dinoflagellata	Dinophyceae	NA	NA	NA	NA	NA	NA
ASV_1370	Dinoflagellata	Dinophyceae	Gonyaulacales	Gonyaulacaceae	Alexandrium	Alexandrium_tamiyavanichi	NA	NA
ASV_1371	Dinoflagellata	Dinophyceae	Gonyaulacales	Amphidomataceae	Azadinium	NA	NA	NA
ASV_1372	Dinoflagellata	Dinophyceae	NA	NA	NA	NA	NA	NA
ASV_1373	Dinoflagellata	Dinophyceae	NA	NA	NA	NA	NA	NA
ASV_1374	Dinoflagellata	Dinophyceae	Gonyaulacales	NA	NA	NA	NA	NA
ASV_1375	Dinoflagellata	Dinophyceae	Gymnodiniales	Kareniaceae	Karlodinium	NA	NA	NA
ASV_1376	Dinoflagellata	Dinophyceae	NA	NA	NA	NA	NA	NA
ASV_1377	Dinoflagellata	Dinophyceae	Gymnodiniales	Kareniaceae	Gertia	Gertia_stigmatica	NA	NA
ASV_1380	Dinoflagellata	Dinophyceae	Gymnodiniales	Kareniaceae	Karlodinium	NA	NA	NA
ASV_1382	Dinoflagellata	Dinophyceae	Gymnodiniales	Kareniaceae	Karlodinium	Karlodinium_veneficum	NA	NA
ASV_1384	Dinoflagellata	Dinophyceae	Prorocentrales	Prorocentraceae	Prorocentrum	Prorocentrum_donghaiense	NA	NA
ASV_1385	Dinoflagellata	Dinophyceae	Gymnodiniales	Kareniaceae	Karlodinium	NA	NA	NA
ASV_1387	Dinoflagellata	Dinophyceae	NA	NA	NA	NA	NA	NA
ASV_1388	Dinoflagellata	Dinophyceae	Gymnodiniales	Kareniaceae	Karenia	Karenia_papilionacea	NA	NA
ASV_1389	Dinoflagellata	Dinophyceae	NA	NA	NA	NA	NA	NA
ASV_1394	Dinoflagellata	Dinophyceae	Gymnodiniales	Gymnodiniaceae	NA	NA	NA	NA
ASV_1400	Dinoflagellata	Dinophyceae	Gymnodiniales	Kareniaceae	Karlodinium	Karlodinium_veneficum	NA	NA
ASV_1416	Dinoflagellata	Dinophyceae	Suessiales	NA	NA	NA	NA	NA
ASV_1418	Dinoflagellata	Dinophyceae	NA	NA	NA	NA	NA	NA
ASV_1419	Dinoflagellata	Dinophyceae	Gymnodiniales	Kareniaceae	Karlodinium	NA	NA	NA
ASV_1420	Dinoflagellata	Dinophyceae	Gymnodiniales	Kareniaceae	NA	NA	NA	NA
ASV_1421	Dinoflagellata	Dinophyceae	Gymnodiniales	Kareniaceae	NA	NA	NA	NA
ASV_1423	Dinoflagellata	Dinophyceae	Gymnodiniales	Kareniaceae	Karlodinium	Karlodinium_veneficum	NA	NA
ASV_1424	Dinoflagellata	Dinophyceae	Gonyaulacales	Amphidomataceae	Azadinium	Azadinium_dexteroporum	NA	NA
ASV_1425	Dinoflagellata	Dinophyceae	NA	NA	NA	NA	NA	NA
ASV_1427	Dinoflagellata	Dinophyceae	NA	NA	NA	NA	NA	NA
ASV_1428	Dinoflagellata	Dinophyceae	Gymnodiniales	Kareniaceae	NA	NA	NA	NA
ASV_1429	Dinoflagellata	Dinophyceae	NA	NA	NA	NA	NA	NA
ASV_143	Dinoflagellata	Dinophyceae	Peridiniales	NA	NA	NA	NA	NA
ASV_1431	Dinoflagellata	Dinophyceae	NA	NA	NA	NA	NA	NA
ASV_1434	Dinoflagellata	Dinophyceae	Gymnodiniales	Gymnodiniaceae	NA	NA	NA	NA
ASV_1436	Dinoflagellata	Dinophyceae	Suessiales	Symbiodiniaceae	Symbiodinium	5842_A_id97.9_A2y	97.9_A2y	ASV_1436_97.9_A2y
ASV_1437	Dinoflagellata	Dinophyceae	Gonyaulacales	Amphidomataceae	Amphidoma	Amphidoma_languida	NA	NA
ASV_1438	Dinoflagellata	Dinophyceae	Suessiales	Symbiodiniaceae	Freudenthalidium	5926_F_id85.1_F3p	84.3_F3s_F3p	ASV_1438_84.3_F3s_F3p
ASV_144	Dinoflagellata	Dinophyceae	Suessiales	Symbiodiniaceae	Symbiodinium	A_EU106351|_A2w_97.4_A2s_96.6	97_A2w	ASV_144_97_A2w
ASV_1440	Dinoflagellata	Dinophyceae	Suessiales	Symbiodiniaceae	Freudenthalidium_blastn	NA	74.2_F3q	ASV_1440_74.2_F3q
ASV_1451	Dinoflagellata	Dinophyceae	NA	NA	NA	NA	NA	NA
ASV_1452	Dinoflagellata	Dinophyceae	Gymnodiniales	Gymnodiniaceae	NA	NA	NA	NA
ASV_1454	Dinoflagellata	Dinophyceae	Suessiales	NA	NA	NA	NA	NA
ASV_1455	Dinoflagellata	Dinophyceae	NA	NA	NA	NA	NA	NA
ASV_1459	Dinoflagellata	Dinophyceae	Suessiales	Suessiaceae	NA	NA	NA	NA
ASV_1465	Dinoflagellata	Dinophyceae	Gymnodiniales	Kareniaceae	NA	NA	NA	NA
ASV_1466	Dinoflagellata	Dinophyceae	Gymnodiniales	Gymnodiniaceae	Gymnodinium	NA	NA	NA
ASV_1467	Dinoflagellata	Dinophyceae	Gymnodiniales	Kareniaceae	Karlodinium	Karlodinium_veneficum	NA	NA
ASV_147	Dinoflagellata	Dinophyceae	Suessiales	Symbiodiniaceae	clade_J	J_LC503420_17OKTs7-09	J_LC503420	ASV_147_J_LC503420
ASV_1471	Dinoflagellata	Dinophyceae	Gymnodiniales	NA	NA	NA	NA	NA
ASV_1474	Dinoflagellata	Dinophyceae	Gymnodiniales	Kareniaceae	NA	NA	NA	NA
ASV_1475	Dinoflagellata	Dinophyceae	Gymnodiniales	Kareniaceae	Karlodinium	Karlodinium_veneficum	NA	NA
ASV_1476	Dinoflagellata	Dinophyceae	NA	NA	NA	NA	NA	NA
ASV_1477	Dinoflagellata	Dinophyceae	Gymnodiniales	Kareniaceae	Karlodinium	Karlodinium_veneficum	NA	NA
ASV_1478	Dinoflagellata	Dinophyceae	Gymnodiniales	Kareniaceae	Karlodinium	Karlodinium_veneficum	NA	NA
ASV_1479	Dinoflagellata	Dinophyceae	Gymnodiniales	Gymnodiniaceae	Paragymnodinium	Paragymnodinium_shiwhaense	NA	NA
ASV_1480	Dinoflagellata	Dinophyceae	Peridiniales	NA	NA	NA	NA	NA
ASV_1481	Dinoflagellata	Dinophyceae	NA	NA	NA	NA	NA	NA
ASV_1486	Dinoflagellata	Dinophyceae	NA	NA	NA	NA	NA	NA
ASV_1487	Dinoflagellata	Dinophyceae	Peridiniales	Heterocapsaceae	Heterocapsa	Heterocapsa_rotundata	NA	NA
ASV_1490	Dinoflagellata	Dinophyceae	NA	NA	NA	NA	NA	NA
ASV_1494	Dinoflagellata	Dinophyceae	Gymnodiniales	Kareniaceae	Gertia	Gertia_stigmatica	NA	NA
ASV_15	Dinoflagellata	Dinophyceae	Suessiales	Symbiodiniaceae	Cladocopium	C40c	98.9_C3gi	ASV_15_98.9_C3gi
ASV_151	Dinoflagellata	Dinophyceae	NA	NA	NA	NA	NA	NA
ASV_1516	Dinoflagellata	Dinophyceae	Gymnodiniales	Kareniaceae	Karenia	Karenia_papilionacea	NA	NA
ASV_1521	Dinoflagellata	Dinophyceae	Gymnodiniales	Gymnodiniaceae	Cochlodinium	Cochlodinium_fulvescens	NA	NA
ASV_1523	Dinoflagellata	Dinophyceae	Gymnodiniales	Kareniaceae	Karlodinium	Karlodinium_veneficum	NA	NA
ASV_1524	Dinoflagellata	Dinophyceae	Gymnodiniales	Kareniaceae	Karlodinium	Karlodinium_veneficum	NA	NA
ASV_1525	Dinoflagellata	Dinophyceae	Gymnodiniales	Kareniaceae	Karlodinium	Karlodinium_veneficum	NA	NA
ASV_155	Dinoflagellata	Dinophyceae	Suessiales	Symbiodiniaceae	Symbiodinium	A_EU106351|_A2w_97.4_A2s_96.6	97_A2w	ASV_155_97_A2w
ASV_158	Dinoflagellata	Dinophyceae	Suessiales	Symbiodiniaceae	Symbiodinium	NA	A13i	ASV_158_A13i
ASV_16	Dinoflagellata	Dinophyceae	Suessiales	Suessiaceae	Polarella	Polarella_glacialis	NA	NA
ASV_160	Dinoflagellata	Dinophyceae	Gymnodiniales	Gymnodiniaceae	Paragymnodinium	Paragymnodinium_shiwhaense	NA	NA
ASV_165	Dinoflagellata	Dinophyceae	NA	NA	NA	NA	NA	NA
ASV_167	Dinoflagellata	Dinophyceae	Suessiales	Symbiodiniaceae	Symbiodinium	A_EU106366	94.1_A2r	ASV_167_94.1_A2r
ASV_168	Dinoflagellata	Dinophyceae	Suessiales	Symbiodiniaceae	Symbiodinium	NA	99.6_A5ac	ASV_168_99.6_A5ac
ASV_170	Dinoflagellata	Dinophyceae	Suessiales	Suessiaceae	NA	NA	NA	NA
ASV_172	Dinoflagellata	Dinophyceae	NA	NA	NA	NA	NA	NA
ASV_174	Dinoflagellata	Dinophyceae	Suessiales	Symbiodiniaceae	Symbiodinium	A_AF184949|_A1er_A1ng_99.6	A1er	ASV_174_A1er
ASV_176	Dinoflagellata	Dinophyceae	Gymnodiniales	Kareniaceae	Karlodinium	Karlodinium_veneficum	NA	NA
ASV_178	Dinoflagellata	Dinophyceae	NA	NA	NA	NA	NA	NA
ASV_18	Dinoflagellata	Dinophyceae	Suessiales	NA	NA	NA	NA	NA
ASV_181	Dinoflagellata	Dinophyceae	Suessiales	Symbiodiniaceae	Cladocopium	NA	C1w	ASV_181_C1w
ASV_184	Dinoflagellata	Dinophyceae	Suessiales	Symbiodiniaceae	Symbiodinium	NA	A4at	ASV_184_A4at
ASV_188	Dinoflagellata	Dinophyceae	Suessiales	Symbiodiniaceae	Symbiodinium	5626_A_id98.7_A3df	98.7_A3df	ASV_188_98.7_A3df
ASV_19	Dinoflagellata	Dinophyceae	Suessiales	NA	NA	NA	NA	NA
ASV_190	Dinoflagellata	Dinophyceae	Gymnodiniales	Gymnodiniaceae	Cochlodinium	Cochlodinium_polykrikoides	NA	NA
ASV_193	Dinoflagellata	Dinophyceae	Suessiales	NA	NA	NA	NA	NA
ASV_199	Dinoflagellata	Dinophyceae	Gymnodiniales	NA	NA	NA	NA	NA
ASV_2	Dinoflagellata	Dinophyceae	Suessiales	Symbiodiniaceae	Durusdinium	NA	D1	ASV_2_D1
ASV_20	Dinoflagellata	Dinophyceae	Suessiales	Symbiodiniaceae	Fugacium	NA	F5.1a/F5u	ASV_20_F5.1a/F5u
ASV_203	Dinoflagellata	Dinophyceae	Suessiales	Suessiaceae	NA	NA	NA	NA
ASV_206	Dinoflagellata	Dinophyceae	Suessiales	Symbiodiniaceae	Freudenthalidium	F3_AJ291525_F3.1_F3h_99.6	F3.1	ASV_206_F3.1
ASV_209	Dinoflagellata	Dinophyceae	NA	NA	NA	NA	NA	NA
ASV_21	Dinoflagellata	Dinophyceae	Suessiales	NA	NA	NA	NA	NA
ASV_211	Dinoflagellata	Dinophyceae	Prorocentrales	Prorocentraceae	Prorocentrum	Prorocentrum_emarginatum	NA	NA
ASV_213	Dinoflagellata	Dinophyceae	Gymnodiniales	Gymnodiniaceae	NA	NA	NA	NA
ASV_215	Dinoflagellata	Dinophyceae	Suessiales	Symbiodiniaceae	Freudenthalidium	NA	F3m	ASV_215_F3m
ASV_216	Dinoflagellata	Dinophyceae	NA	NA	NA	NA	NA	NA
ASV_217	Dinoflagellata	Dinophyceae	Suessiales	Symbiodiniaceae	Cladocopium	NA	99.6_C39ae	ASV_217_99.6_C39ae
ASV_222	Dinoflagellata	Dinophyceae	Peridiniales	Heterocapsaceae	Heterocapsa	Heterocapsa_triquetra	NA	NA
ASV_224	Dinoflagellata	Dinophyceae	Suessiales	Biecheleriaceae	Biecheleria	NA	NA	NA
ASV_225	Dinoflagellata	Dinophyceae	Suessiales	Symbiodiniaceae	Cladocopium	NA	98.3_C66au	ASV_225_98.3_C66au
ASV_228	Dinoflagellata	Dinophyceae	Suessiales	Suessiaceae	NA	NA	NA	NA
ASV_229	Dinoflagellata	Dinophyceae	NA	NA	NA	NA	NA	NA
ASV_23	Dinoflagellata	Dinophyceae	Suessiales	NA	NA	NA	NA	NA
ASV_232	Dinoflagellata	Dinophyceae	NA	NA	NA	NA	NA	NA
ASV_237	Dinoflagellata	Dinophyceae	Gymnodiniales	Gymnodiniaceae	Paragymnodinium	Paragymnodinium_shiwhaense	NA	NA
ASV_239	Dinoflagellata	Dinophyceae	Gymnodiniales	Gymnodiniaceae	Gymnodinium	Gymnodinium_impudicum	NA	NA
ASV_240	Dinoflagellata	Dinophyceae	Suessiales	Suessiaceae	NA	NA	NA	NA
ASV_242	Dinoflagellata	Dinophyceae	NA	NA	NA	NA	NA	NA
ASV_245	Dinoflagellata	Dinophyceae	Gonyaulacales	Gonyaulacaceae	NA	NA	NA	NA
ASV_249	Dinoflagellata	Dinophyceae	Gymnodiniales	Gymnodiniaceae	Gyrodiniellum	Gyrodiniellum_shiwhaense	NA	NA
ASV_25	Dinoflagellata	Dinophyceae	Suessiales	NA	NA	NA	NA	NA
ASV_250	Dinoflagellata	Dinophyceae	Suessiales	Symbiodiniaceae	Cladocopium	NA	99.6_C3mc	ASV_250_99.6_C3mc
ASV_252	Dinoflagellata	Dinophyceae	Suessiales	Symbiodiniaceae	Miliolidium	M_AM748617_D1.2	73.9_M_JQ247049_D1.1	ASV_252_73.9_M_JQ247049_D1.1
ASV_254	Dinoflagellata	Dinophyceae	Suessiales	Symbiodiniaceae	Fugacium	F5.2d_AJ291530|_F5.2d/F5ae_F5ak_99.6	F5.2d/F5ae	ASV_254_F5.2d/F5ae
ASV_258	Dinoflagellata	Dinophyceae	Gymnodiniales	Gymnodiniaceae	Gyrodiniellum	Gyrodiniellum_shiwhaense	NA	NA
ASV_26	Dinoflagellata	Dinophyceae	Suessiales	Symbiodiniaceae	Freudenthalidium	5588_F_id95.9_F3.2	96.3_F3o	ASV_26_96.3_F3o
ASV_269	Dinoflagellata	Dinophyceae	Gymnodiniales	Gymnodiniaceae	Gyrodiniellum	Gyrodiniellum_shiwhaense	NA	NA
ASV_274	Dinoflagellata	Dinophyceae	Suessiales	Suessiaceae	NA	NA	NA	NA
ASV_275	Dinoflagellata	Dinophyceae	Suessiales	Symbiodiniaceae	Fugacium	F5.2c_AM748596_F5a_F5.2c	99.6_F5.2c	ASV_275_99.6_F5.2c
ASV_276	Dinoflagellata	Dinophyceae	Gonyaulacales	Gonyaulacaceae	Alexandrium	Alexandrium_affine	NA	NA
ASV_277	Dinoflagellata	Dinophyceae	Peridiniales	NA	NA	NA	NA	NA
ASV_279	Dinoflagellata	Dinophyceae	Suessiales	Symbiodiniaceae	Cladocopium	NA	98.9_C1pe_C1gc	ASV_279_98.9_C1pe_C1gc
ASV_282	Dinoflagellata	Dinophyceae	Gymnodiniales	Gymnodiniaceae	Paragymnodinium	Paragymnodinium_shiwhaense	NA	NA
ASV_285	Dinoflagellata	Dinophyceae	Gymnodiniales	Gymnodiniaceae	Gyrodiniellum	Gyrodiniellum_shiwhaense	NA	NA
ASV_286	Dinoflagellata	Dinophyceae	Gymnodiniales	Gymnodiniaceae	Gymnodinium	Gymnodinium_impudicum	NA	NA
ASV_287	Dinoflagellata	Dinophyceae	Suessiales	Symbiodiniaceae	Cladocopium	NA	98.9_C42au	ASV_287_98.9_C42au
ASV_289	Dinoflagellata	Dinophyceae	Gymnodiniales	Kareniaceae	Karlodinium	Karlodinium_veneficum	NA	NA
ASV_291	Dinoflagellata	Dinophyceae	Gonyaulacales	Gonyaulacaceae	Alexandrium	Alexandrium_ostenfeldii	NA	NA
ASV_292	Dinoflagellata	Dinophyceae	Gymnodiniales	Gymnodiniaceae	Gyrodiniellum	Gyrodiniellum_shiwhaense	NA	NA
ASV_295	Dinoflagellata	Dinophyceae	Suessiales	Symbiodiniaceae	Halluxium	H5_AM748609_H5_H5a_99.6	99.6_H5	ASV_295_99.6_H5
ASV_296	Dinoflagellata	Dinophyceae	Gymnodiniales	Gymnodiniaceae	Gymnodinium	Gymnodinium_impudicum	NA	NA
ASV_297	Dinoflagellata	Dinophyceae	Gymnodiniales	Gymnodiniaceae	Paragymnodinium	Paragymnodinium_shiwhaense	NA	NA
ASV_3	Dinoflagellata	Dinophyceae	Suessiales	Symbiodiniaceae	Cladocopium	NA	C15	ASV_3_C15
ASV_30	Dinoflagellata	Dinophyceae	Gymnodiniales	Gymnodiniaceae	Gyrodinium	Gyrodinium_sp	NA	NA
ASV_300	Dinoflagellata	Dinophyceae	Peridiniales	Heterocapsaceae	Heterocapsa	Heterocapsa_triquetra	NA	NA
ASV_303	Dinoflagellata	Dinophyceae	NA	NA	NA	NA	NA	NA
ASV_31	Dinoflagellata	Dinophyceae	Suessiales	NA	NA	NA	NA	NA
ASV_310	Dinoflagellata	Dinophyceae	Gymnodiniales	Gymnodiniaceae	NA	NA	NA	NA
ASV_313	Dinoflagellata	Dinophyceae	NA	NA	NA	NA	NA	NA
ASV_318	Dinoflagellata	Dinophyceae	NA	NA	NA	NA	NA	NA
ASV_319	Dinoflagellata	Dinophyceae	Gymnodiniales	Kareniaceae	Karlodinium	NA	NA	NA
ASV_321	Dinoflagellata	Dinophyceae	NA	NA	NA	NA	NA	NA
ASV_323	Dinoflagellata	Dinophyceae	Gymnodiniales	Gymnodiniaceae	Paragymnodinium	Paragymnodinium_shiwhaense	NA	NA
ASV_328	Dinoflagellata	Dinophyceae	Peridiniales	Heterocapsaceae	Heterocapsa	Heterocapsa_triquetra	NA	NA
ASV_329	Dinoflagellata	Dinophyceae	Gymnodiniales	Gymnodiniaceae	NA	NA	NA	NA
ASV_330	Dinoflagellata	Dinophyceae	Gymnodiniales	Kareniaceae	Karlodinium	Karlodinium_veneficum	NA	NA
ASV_334	Dinoflagellata	Dinophyceae	Suessiales	NA	NA	NA	NA	NA
ASV_338	Dinoflagellata	Dinophyceae	NA	NA	NA	NA	NA	NA
ASV_340	Dinoflagellata	Dinophyceae	Suessiales	Symbiodiniaceae	Freudenthalidium	5892_F_id87.7_F3.2	87.7_F3.2	ASV_340_87.7_F3.2
ASV_341	Dinoflagellata	Dinophyceae	Gymnodiniales	Kareniaceae	NA	NA	NA	NA
ASV_342	Dinoflagellata	Dinophyceae	NA	NA	NA	NA	NA	NA
ASV_343	Dinoflagellata	Dinophyceae	Suessiales	Suessiaceae	NA	NA	NA	NA
ASV_348	Dinoflagellata	Dinophyceae	Gymnodiniales	Gymnodiniaceae	Gyrodiniellum	Gyrodiniellum_shiwhaense	NA	NA
ASV_350	Dinoflagellata	Dinophyceae	Gymnodiniales	Kareniaceae	Karlodinium	NA	NA	NA
ASV_351	Dinoflagellata	Dinophyceae	Gymnodiniales	Gymnodiniaceae	Gyrodiniellum	Gyrodiniellum_shiwhaense	NA	NA
ASV_353	Dinoflagellata	Dinophyceae	Peridiniales	Heterocapsaceae	Heterocapsa	Heterocapsa_triquetra	NA	NA
ASV_354	Dinoflagellata	Dinophyceae	Suessiales	Symbiodiniaceae	Symbiodinium	NA	77.6_A2t	ASV_354_77.6_A2t
ASV_359	Dinoflagellata	Dinophyceae	Suessiales	Symbiodiniaceae	Cladocopium	C22z	C22z	ASV_359_C22z
ASV_36	Dinoflagellata	Dinophyceae	Peridiniales	NA	NA	NA	NA	NA
ASV_360	Dinoflagellata	Dinophyceae	Suessiales	Symbiodiniaceae	Miliolidium	M_AM748617_D1.2	84.7_M_D1.2_PSP1-05	ASV_360_84.7_M_D1.2_PSP1-05
ASV_363	Dinoflagellata	Dinophyceae	Gymnodiniales	Gymnodiniaceae	Paragymnodinium	Paragymnodinium_shiwhaense	NA	NA
ASV_369	Dinoflagellata	Dinophyceae	Prorocentrales	Prorocentraceae	Prorocentrum	Prorocentrum_emarginatum	NA	NA
ASV_37	Dinoflagellata	Dinophyceae	Suessiales	Suessiaceae	Polarella	Polarella_glacialis	NA	NA
ASV_370	Dinoflagellata	Dinophyceae	Peridiniales	Heterocapsaceae	Heterocapsa	Heterocapsa_triquetra	NA	NA
ASV_373	Dinoflagellata	Dinophyceae	Suessiales	Biecheleriaceae	Biecheleria	Biecheleria_cincta	NA	NA
ASV_374	Dinoflagellata	Dinophyceae	Prorocentrales	Prorocentraceae	Prorocentrum	Prorocentrum_koreanum	NA	NA
ASV_375	Dinoflagellata	Dinophyceae	Gymnodiniales	Gymnodiniaceae	Gyrodiniellum	Gyrodiniellum_shiwhaense	NA	NA
ASV_376	Dinoflagellata	Dinophyceae	NA	NA	NA	NA	NA	NA
ASV_378	Dinoflagellata	Dinophyceae	Peridiniales	Diplopsaliaceae	Diplopsalis	Diplopsalis_lenticula	NA	NA
ASV_38	Dinoflagellata	Dinophyceae	Suessiales	NA	NA	NA	NA	NA
ASV_380	Dinoflagellata	Dinophyceae	Gymnodiniales	Gymnodiniaceae	Paragymnodinium	Paragymnodinium_shiwhaense	NA	NA
ASV_384	Dinoflagellata	Dinophyceae	Suessiales	Symbiodiniaceae	Freudenthalidium	NA	85.5_F3.1_F3d_F3i	ASV_384_85.5_F3.1_F3d_F3i
ASV_389	Dinoflagellata	Dinophyceae	Gymnodiniales	Kareniaceae	Karlodinium	Karlodinium_veneficum	NA	NA
ASV_390	Dinoflagellata	Dinophyceae	NA	NA	NA	NA	NA	NA
ASV_391	Dinoflagellata	Dinophyceae	Suessiales	Suessiaceae	NA	NA	NA	NA
ASV_393	Dinoflagellata	Dinophyceae	Gymnodiniales	Kareniaceae	Karlodinium	Karlodinium_veneficum	NA	NA
ASV_394	Dinoflagellata	Dinophyceae	Gymnodiniales	Kareniaceae	Karlodinium	Karlodinium_veneficum	NA	NA
ASV_395	Dinoflagellata	Dinophyceae	NA	NA	NA	NA	NA	NA
ASV_396	Dinoflagellata	Dinophyceae	Suessiales	Symbiodiniaceae	Symbiodinium	NA	98.7_A5ac	ASV_396_98.7_A5ac
ASV_397	Dinoflagellata	Dinophyceae	Gymnodiniales	Gymnodiniaceae	Paragymnodinium	Paragymnodinium_shiwhaense	NA	NA
ASV_399	Dinoflagellata	Dinophyceae	Gymnodiniales	Kareniaceae	Karlodinium	Karlodinium_veneficum	NA	NA
ASV_4	Dinoflagellata	Dinophyceae	Suessiales	Symbiodiniaceae	Fugacium	F5.1_AF333516_F5.1_F5c	F5.1_F5c	ASV_4_F5.1_F5c
ASV_401	Dinoflagellata	Dinophyceae	NA	NA	NA	NA	NA	NA
ASV_402	Dinoflagellata	Dinophyceae	Gymnodiniales	Gymnodiniaceae	Gymnodinium	Gymnodinium_impudicum	NA	NA
ASV_405	Dinoflagellata	Dinophyceae	NA	NA	NA	NA	NA	NA
ASV_407	Dinoflagellata	Dinophyceae	Suessiales	Symbiodiniaceae	Symbiodinium	A_EU106366	93.4_A2r	ASV_407_93.4_A2r
ASV_408	Dinoflagellata	Dinophyceae	Suessiales	Symbiodiniaceae	Symbiodinium	5627_A_id98.7_A5ac	98.7_A5ac	ASV_408_98.7_A5ac
ASV_415	Dinoflagellata	Dinophyceae	Suessiales	NA	NA	NA	NA	NA
ASV_416	Dinoflagellata	Dinophyceae	NA	NA	NA	NA	NA	NA
ASV_421	Dinoflagellata	Dinophyceae	Gymnodiniales	Gymnodiniaceae	Gyrodiniellum	Gyrodiniellum_shiwhaense	NA	NA
ASV_422	Dinoflagellata	Dinophyceae	Gymnodiniales	NA	NA	NA	NA	NA
ASV_423	Dinoflagellata	Dinophyceae	Gymnodiniales	Kareniaceae	Karlodinium	NA	NA	NA
ASV_427	Dinoflagellata	Dinophyceae	Gymnodiniales	Gymnodiniaceae	Gymnodinium	NA	NA	NA
ASV_432	Dinoflagellata	Dinophyceae	Suessiales	Symbiodiniaceae	Symbiodinium	NA	97.4_A2w	ASV_432_97.4_A2w
ASV_433	Dinoflagellata	Dinophyceae	Suessiales	Symbiodiniaceae	clade_J	J_LC503409_17OKTs6-04	98.2_J_LC503420	ASV_433_98.2_J_LC503420
ASV_436	Dinoflagellata	Dinophyceae	Peridiniales	Heterocapsaceae	Heterocapsa	Heterocapsa_triquetra	NA	NA
ASV_437	Dinoflagellata	Dinophyceae	Suessiales	Symbiodiniaceae	Freudenthalidium	6012_F_id92.2_F3.2	91.8_F3o	ASV_437_91.8_F3o
ASV_444	Dinoflagellata	Dinophyceae	Gymnodiniales	Kareniaceae	Karlodinium	Karlodinium_veneficum	NA	NA
ASV_445	Dinoflagellata	Dinophyceae	Suessiales	Suessiaceae	NA	NA	NA	NA
ASV_447	Dinoflagellata	Dinophyceae	Suessiales	Symbiodiniaceae	Freudenthalidium	5892_F_id87.7_F3.2	87.3_F3.2	ASV_447_87.3_F3.2
ASV_449	Dinoflagellata	Dinophyceae	Suessiales	Biecheleriaceae	Biecheleria	Biecheleria_brevisulcata	NA	NA
ASV_45	Dinoflagellata	Dinophyceae	Suessiales	Symbiodiniaceae	Symbiodinium	NA	75.8_A1my	ASV_45_75.8_A1my
ASV_450	Dinoflagellata	Dinophyceae	NA	NA	NA	NA	NA	NA
ASV_454	Dinoflagellata	Dinophyceae	NA	NA	NA	NA	NA	NA
ASV_455	Dinoflagellata	Dinophyceae	NA	NA	NA	NA	NA	NA
ASV_459	Dinoflagellata	Dinophyceae	Suessiales	Symbiodiniaceae	clade_I	NA	I2f	ASV_459_I2f
ASV_46	Dinoflagellata	Dinophyceae	Gymnodiniales	Gymnodiniaceae	Paragymnodinium	Paragymnodinium_shiwhaense	NA	NA
ASV_461	Dinoflagellata	Dinophyceae	Suessiales	Symbiodiniaceae	Fugacium	NA	91.6_F5x	ASV_461_91.6_F5x
ASV_462	Dinoflagellata	Dinophyceae	Gymnodiniales	Gymnodiniaceae	Gyrodiniellum	Gyrodiniellum_shiwhaense	NA	NA
ASV_464	Dinoflagellata	Dinophyceae	Gymnodiniales	NA	NA	NA	NA	NA
ASV_465	Dinoflagellata	Dinophyceae	Suessiales	Suessiaceae	NA	NA	NA	NA
ASV_466	Dinoflagellata	Dinophyceae	Gymnodiniales	Gymnodiniaceae	Gymnodinium	Gymnodinium_sp	NA	NA
ASV_476	Dinoflagellata	Dinophyceae	Suessiales	Symbiodiniaceae	Symbiodinium	5632_A_id97.0_A2e	97_A2e	ASV_476_97_A2e
ASV_478	Dinoflagellata	Dinophyceae	Suessiales	Symbiodiniaceae	Freudenthalidium	5758_F_id98.9_F3m	98.9_F3m	ASV_478_98.9_F3m
ASV_480	Dinoflagellata	Dinophyceae	NA	NA	NA	NA	NA	NA
ASV_481	Dinoflagellata	Dinophyceae	NA	NA	NA	NA	NA	NA
ASV_482	Dinoflagellata	Dinophyceae	NA	NA	NA	NA	NA	NA
ASV_484	Dinoflagellata	Dinophyceae	Gymnodiniales	Kareniaceae	NA	NA	NA	NA
ASV_485	Dinoflagellata	Dinophyceae	Suessiales	Symbiodiniaceae	Freudenthalidium	6013_F_id84.7_F3.2	84.7_F3.2	ASV_485_84.7_F3.2
ASV_486	Dinoflagellata	Dinophyceae	NA	NA	NA	NA	NA	NA
ASV_487	Dinoflagellata	Dinophyceae	Suessiales	Symbiodiniaceae	Symbiodinium	NA	79.1_A1mw	ASV_487_79.1_A1mw
ASV_488	Dinoflagellata	Dinophyceae	Gymnodiniales	Gymnodiniaceae	Gymnodinium	NA	NA	NA
ASV_489	Dinoflagellata	Dinophyceae	Gymnodiniales	Gymnodiniaceae	Gyrodiniellum	Gyrodiniellum_shiwhaense	NA	NA
ASV_49	Dinoflagellata	Dinophyceae	Suessiales	NA	NA	NA	NA	NA
ASV_491	Dinoflagellata	Dinophyceae	Suessiales	Symbiodiniaceae	Freudenthalidium	NA	88.8_F3.2_F3o	ASV_491_88.8_F3.2_F3o
ASV_494	Dinoflagellata	Dinophyceae	Suessiales	Symbiodiniaceae	Symbiodinium	NA	77.5_A2u	ASV_494_77.5_A2u
ASV_497	Dinoflagellata	Dinophyceae	NA	NA	NA	NA	NA	NA
ASV_498	Dinoflagellata	Dinophyceae	Gymnodiniales	Gymnodiniaceae	Gyrodiniellum	Gyrodiniellum_shiwhaense	NA	NA
ASV_499	Dinoflagellata	Dinophyceae	Gymnodiniales	Gymnodiniaceae	Gyrodiniellum	Gyrodiniellum_shiwhaense	NA	NA
ASV_5	Dinoflagellata	Dinophyceae	Suessiales	Symbiodiniaceae	Freudenthalidium	NA	96.7_F3o	ASV_5_96.7_F3o
ASV_501	Dinoflagellata	Dinophyceae	NA	NA	NA	NA	NA	NA
ASV_502	Dinoflagellata	Dinophyceae	Suessiales	Symbiodiniaceae	Miliolidium	M_AM748617_D1.2	79.5_M_D1.2_PSP1-05	ASV_502_79.5_M_D1.2_PSP1-05
ASV_507	Dinoflagellata	Dinophyceae	Gymnodiniales	Kareniaceae	Karlodinium	Karlodinium_veneficum	NA	NA
ASV_508	Dinoflagellata	Dinophyceae	Suessiales	Symbiodiniaceae	Freudenthalidium	6012_F_id92.2_F3.2	91.8_F3o	ASV_508_91.8_F3o
ASV_51	Dinoflagellata	Dinophyceae	Peridiniales	Heterocapsaceae	Heterocapsa	Heterocapsa_sp	NA	NA
ASV_511	Dinoflagellata	Dinophyceae	Peridiniales	Heterocapsaceae	Heterocapsa	Heterocapsa_circularisquama	NA	NA
ASV_512	Dinoflagellata	Dinophyceae	Peridiniales	Heterocapsaceae	Heterocapsa	Heterocapsa_triquetra	NA	NA
ASV_515	Dinoflagellata	Dinophyceae	Suessiales	Suessiaceae	Pelagodinium	Pelagodinium_beii	NA	NA
ASV_516	Dinoflagellata	Dinophyceae	Prorocentrales	Prorocentraceae	Prorocentrum	Prorocentrum_emarginatum	NA	NA
ASV_519	Dinoflagellata	Dinophyceae	NA	NA	NA	NA	NA	NA
ASV_526	Dinoflagellata	Dinophyceae	Gymnodiniales	Gymnodiniaceae	Gyrodiniellum	Gyrodiniellum_shiwhaense	NA	NA
ASV_528	Dinoflagellata	Dinophyceae	NA	NA	NA	NA	NA	NA
ASV_529	Dinoflagellata	Dinophyceae	Suessiales	Symbiodiniaceae	Cladocopium	NA	C15gk_C15em	ASV_529_C15gk_C15em
ASV_530	Dinoflagellata	Dinophyceae	Suessiales	Symbiodiniaceae	Fugacium	NA	96.6_F5x	ASV_530_96.6_F5x
ASV_532	Dinoflagellata	Dinophyceae	Gymnodiniales	Gymnodiniaceae	Gyrodiniellum	Gyrodiniellum_shiwhaense	NA	NA
ASV_533	Dinoflagellata	Dinophyceae	Gymnodiniales	Gymnodiniaceae	Gyrodiniellum	Gyrodiniellum_shiwhaense	NA	NA
ASV_535	Dinoflagellata	Dinophyceae	Suessiales	Symbiodiniaceae	Fugacium	F5.2c_AM748596_F5a_F5.2c	F5.2c_F5a	ASV_535_F5.2c_F5a
ASV_536	Dinoflagellata	Dinophyceae	Gymnodiniales	Gymnodiniaceae	Gyrodiniellum	Gyrodiniellum_shiwhaense	NA	NA
ASV_537	Dinoflagellata	Dinophyceae	Gymnodiniales	Gymnodiniaceae	Gymnodinium	Gymnodinium_sp	NA	NA
ASV_538	Dinoflagellata	Dinophyceae	Gymnodiniales	Kareniaceae	Karlodinium	NA	NA	NA
ASV_539	Dinoflagellata	Dinophyceae	Gymnodiniales	Gymnodiniaceae	Gymnodinium	Gymnodinium_aureolum	NA	NA
ASV_54	Dinoflagellata	Dinophyceae	NA	NA	NA	NA	NA	NA
ASV_540	Dinoflagellata	Dinophyceae	Suessiales	Symbiodiniaceae	Cladocopium	C40c	96.4_C1jz	ASV_540_96.4_C1jz
ASV_543	Dinoflagellata	Dinophyceae	Suessiales	NA	NA	NA	NA	NA
ASV_546	Dinoflagellata	Dinophyceae	Gymnodiniales	Kareniaceae	Karlodinium	NA	NA	NA
ASV_548	Dinoflagellata	Dinophyceae	Gymnodiniales	Gymnodiniaceae	Gyrodinium	Gyrodinium_dominans	NA	NA
ASV_55	Dinoflagellata	Dinophyceae	Suessiales	Suessiaceae	NA	NA	NA	NA
ASV_551	Dinoflagellata	Dinophyceae	Gymnodiniales	Gymnodiniaceae	Gyrodiniellum	Gyrodiniellum_shiwhaense	NA	NA
ASV_553	Dinoflagellata	Dinophyceae	Gymnodiniales	Kareniaceae	NA	NA	NA	NA
ASV_557	Dinoflagellata	Dinophyceae	NA	NA	NA	NA	NA	NA
ASV_558	Dinoflagellata	Dinophyceae	Peridiniales	Heterocapsaceae	Heterocapsa	Heterocapsa_triquetra	NA	NA
ASV_559	Dinoflagellata	Dinophyceae	Gonyaulacales	Gonyaulacaceae	NA	NA	NA	NA
ASV_56	Dinoflagellata	Dinophyceae	Suessiales	Symbiodiniaceae	Symbiodinium	A_EU106351|_A2w_97.4_A2s_96.6	97.4_A2w	ASV_56_97.4_A2w
ASV_561	Dinoflagellata	Dinophyceae	Peridiniales	NA	NA	NA	NA	NA
ASV_562	Dinoflagellata	Dinophyceae	Gymnodiniales	NA	NA	NA	NA	NA
ASV_564	Dinoflagellata	Dinophyceae	Gymnodiniales	NA	NA	NA	NA	NA
ASV_567	Dinoflagellata	Dinophyceae	Gymnodiniales	Gymnodiniaceae	Gyrodiniellum	Gyrodiniellum_shiwhaense	NA	NA
ASV_569	Dinoflagellata	Dinophyceae	Suessiales	Suessiaceae	NA	NA	NA	NA
ASV_573	Dinoflagellata	Dinophyceae	Gymnodiniales	Gymnodiniaceae	Gyrodiniellum	Gyrodiniellum_shiwhaense	NA	NA
ASV_575	Dinoflagellata	Dinophyceae	Gymnodiniales	Kareniaceae	Karlodinium	Karlodinium_veneficum	NA	NA
ASV_581	Dinoflagellata	Dinophyceae	Suessiales	NA	NA	NA	NA	NA
ASV_586	Dinoflagellata	Dinophyceae	NA	NA	NA	NA	NA	NA
ASV_587	Dinoflagellata	Dinophyceae	NA	NA	NA	NA	NA	NA
ASV_588	Dinoflagellata	Dinophyceae	Suessiales	Suessiaceae	NA	NA	NA	NA
ASV_59	Dinoflagellata	Dinophyceae	NA	NA	NA	NA	NA	NA
ASV_6	Dinoflagellata	Dinophyceae	Suessiales	Symbiodiniaceae	Symbiodinium	A6_AY686646|_A6_A6n_99.6	A6	ASV_6_A6
ASV_602	Dinoflagellata	Dinophyceae	Gymnodiniales	Gymnodiniaceae	Gymnodinium	Gymnodinium_impudicum	NA	NA
ASV_603	Dinoflagellata	Dinophyceae	Suessiales	Symbiodiniaceae	Freudenthalidium	NA	89.3_F3o	ASV_603_89.3_F3o
ASV_604	Dinoflagellata	Dinophyceae	Gymnodiniales	Gymnodiniaceae	NA	NA	NA	NA
ASV_608	Dinoflagellata	Dinophyceae	Gymnodiniales	Gymnodiniaceae	Gyrodiniellum	Gyrodiniellum_shiwhaense	NA	NA
ASV_612	Dinoflagellata	Dinophyceae	Suessiales	Symbiodiniaceae	Durusdinium	D_EU074897_D6c_D6n_99.6	95.1_D3h	ASV_612_95.1_D3h
ASV_613	Dinoflagellata	Dinophyceae	Gymnodiniales	Kareniaceae	Takayama	Takayama_acrotrocha	NA	NA
ASV_616	Dinoflagellata	Dinophyceae	Dinophysiales	Dinophysiaceae	Phalacroma	Phalacroma_sp	NA	NA
ASV_617	Dinoflagellata	Dinophyceae	NA	NA	NA	NA	NA	NA
ASV_62	Dinoflagellata	Dinophyceae	NA	NA	NA	NA	NA	NA
ASV_623	Dinoflagellata	Dinophyceae	Gymnodiniales	Kareniaceae	Karlodinium	NA	NA	NA
ASV_629	Dinoflagellata	Dinophyceae	Gymnodiniales	Kareniaceae	Takayama	Takayama_acrotrocha	NA	NA
ASV_63	Dinoflagellata	Dinophyceae	Suessiales	Symbiodiniaceae	Symbiodinium	5624_A_id97.5_A2x	97.5_A2e_A2x	ASV_63_97.5_A2e_A2x
ASV_632	Dinoflagellata	Dinophyceae	NA	NA	NA	NA	NA	NA
ASV_642	Dinoflagellata	Dinophyceae	Suessiales	Symbiodiniaceae	Cladocopium	NA	96.9_C1jz	ASV_642_96.9_C1jz
ASV_648	Dinoflagellata	Dinophyceae	Suessiales	Biecheleriaceae	Biecheleriopsis	Biecheleriopsis_adriatica	NA	NA
ASV_650	Dinoflagellata	Dinophyceae	Gymnodiniales	Kareniaceae	Karlodinium	Karlodinium_veneficum	NA	NA
ASV_652	Dinoflagellata	Dinophyceae	Peridiniales	Heterocapsaceae	Heterocapsa	Heterocapsa_triquetra	NA	NA
ASV_653	Dinoflagellata	Dinophyceae	NA	NA	NA	NA	NA	NA
ASV_655	Dinoflagellata	Dinophyceae	Suessiales	Suessiaceae	NA	NA	NA	NA
ASV_659	Dinoflagellata	Dinophyceae	Gymnodiniales	Gymnodiniaceae	Gyrodiniellum	Gyrodiniellum_shiwhaense	NA	NA
ASV_660	Dinoflagellata	Dinophyceae	NA	NA	NA	NA	NA	NA
ASV_661	Dinoflagellata	Dinophyceae	NA	NA	NA	NA	NA	NA
ASV_662	Dinoflagellata	Dinophyceae	Gymnodiniales	Gymnodiniaceae	Gyrodinium	Gyrodinium_dominans	NA	NA
ASV_666	Dinoflagellata	Dinophyceae	Gonyaulacales	Gonyaulacaceae	Alexandrium	Alexandrium_tamutum	NA	NA
ASV_667	Dinoflagellata	Dinophyceae	Gymnodiniales	Kareniaceae	Karlodinium	Karlodinium_veneficum	NA	NA
ASV_668	Dinoflagellata	Dinophyceae	NA	NA	NA	NA	NA	NA
ASV_669	Dinoflagellata	Dinophyceae	Suessiales	Symbiodiniaceae	clade_Fr4	F4_AJ291528_F4.1_99.2_F4.1a_98.0	98.8_F4.1	ASV_669_98.8_F4.1
ASV_671	Dinoflagellata	Dinophyceae	NA	NA	NA	NA	NA	NA
ASV_672	Dinoflagellata	Dinophyceae	Prorocentrales	Prorocentraceae	Prorocentrum	Prorocentrum_emarginatum	NA	NA
ASV_679	Dinoflagellata	Dinophyceae	NA	NA	NA	NA	NA	NA
ASV_686	Dinoflagellata	Dinophyceae	NA	NA	NA	NA	NA	NA
ASV_69	Dinoflagellata	Dinophyceae	Suessiales	Suessiaceae	Pelagodinium	Pelagodinium_sp	NA	NA
ASV_692	Dinoflagellata	Dinophyceae	NA	NA	NA	NA	NA	NA
ASV_698	Dinoflagellata	Dinophyceae	Peridiniales	Diplopsaliaceae	Diplopsalis	Diplopsalis_lenticula	NA	NA
ASV_7	Dinoflagellata	Dinophyceae	Suessiales	Symbiodiniaceae	Symbiodinium	NA	A3	ASV_7_A3
ASV_701	Dinoflagellata	Dinophyceae	NA	NA	NA	NA	NA	NA
ASV_702	Dinoflagellata	Dinophyceae	Gymnodiniales	Gymnodiniaceae	Gymnodinium	Gymnodinium_sp	NA	NA
ASV_703	Dinoflagellata	Dinophyceae	Gymnodiniales	Gymnodiniaceae	Gymnodinium	NA	NA	NA
ASV_704	Dinoflagellata	Dinophyceae	Prorocentrales	Prorocentraceae	Prorocentrum	Prorocentrum_emarginatum	NA	NA
ASV_705	Dinoflagellata	Dinophyceae	Suessiales	Symbiodiniaceae	Cladocopium	NA	97.9_C66au	ASV_705_97.9_C66au
ASV_707	Dinoflagellata	Dinophyceae	Gymnodiniales	Gymnodiniaceae	Paragymnodinium	Paragymnodinium_shiwhaense	NA	NA
ASV_708	Dinoflagellata	Dinophyceae	Suessiales	Symbiodiniaceae	Fugacium	F5.2a_AJ291532_F5.2_F5b	F5.2_F5b	ASV_708_F5.2_F5b
ASV_713	Dinoflagellata	Dinophyceae	Gymnodiniales	Kareniaceae	Karlodinium	NA	NA	NA
ASV_714	Dinoflagellata	Dinophyceae	Gymnodiniales	Kareniaceae	Karlodinium	NA	NA	NA
ASV_715	Dinoflagellata	Dinophyceae	NA	NA	NA	NA	NA	NA
ASV_716	Dinoflagellata	Dinophyceae	Suessiales	Suessiaceae	NA	NA	NA	NA
ASV_717	Dinoflagellata	Dinophyceae	NA	NA	NA	NA	NA	NA
ASV_718	Dinoflagellata	Dinophyceae	Suessiales	Suessiaceae	NA	NA	NA	NA
ASV_721	Dinoflagellata	Dinophyceae	NA	NA	NA	NA	NA	NA
ASV_722	Dinoflagellata	Dinophyceae	Gymnodiniales	Kareniaceae	NA	NA	NA	NA
ASV_726	Dinoflagellata	Dinophyceae	Thoracosphaerales	Thoracosphaeraceae	Scrippsiella	NA	NA	NA
ASV_727	Dinoflagellata	Dinophyceae	Gymnodiniales	Kareniaceae	Karlodinium	NA	NA	NA
ASV_728	Dinoflagellata	Dinophyceae	NA	NA	NA	NA	NA	NA
ASV_729	Dinoflagellata	Dinophyceae	Suessiales	Symbiodiniaceae	Symbiodinium	5765_A_id84.3_A1mr	99.6_A1di	ASV_729_99.6_A1di
ASV_730	Dinoflagellata	Dinophyceae	Gymnodiniales	Kareniaceae	Karlodinium	Karlodinium_veneficum	NA	NA
ASV_731	Dinoflagellata	Dinophyceae	NA	NA	NA	NA	NA	NA
ASV_733	Dinoflagellata	Dinophyceae	Gymnodiniales	Gymnodiniaceae	Paragymnodinium	Paragymnodinium_shiwhaense	NA	NA
ASV_734	Dinoflagellata	Dinophyceae	Gonyaulacales	Gonyaulacaceae	Alexandrium	Alexandrium_pseudogonyaulax	NA	NA
ASV_737	Dinoflagellata	Dinophyceae	NA	NA	NA	NA	NA	NA
ASV_738	Dinoflagellata	Dinophyceae	Suessiales	Symbiodiniaceae	Symbiodinium	5594_A_id79.7_A2w	99.6_A13i	ASV_738_99.6_A13i
ASV_74	Dinoflagellata	Dinophyceae	Suessiales	Symbiodiniaceae	Symbiodinium	5591_A_id80.5_A2w	98.7_A13i	ASV_74_98.7_A13i
ASV_741	Dinoflagellata	Dinophyceae	Gonyaulacales	Gonyaulacaceae	NA	NA	NA	NA
ASV_744	Dinoflagellata	Dinophyceae	Peridiniales	Heterocapsaceae	Heterocapsa	Heterocapsa_triquetra	NA	NA
ASV_749	Dinoflagellata	Dinophyceae	Gymnodiniales	Kareniaceae	Karlodinium	NA	NA	NA
ASV_75	Dinoflagellata	Dinophyceae	Suessiales	NA	NA	NA	NA	NA
ASV_754	Dinoflagellata	Dinophyceae	Gymnodiniales	Kareniaceae	Takayama	Takayama_acrotrocha	NA	NA
ASV_755	Dinoflagellata	Dinophyceae	Prorocentrales	Prorocentraceae	Prorocentrum	Prorocentrum_emarginatum	NA	NA
ASV_758	Dinoflagellata	Dinophyceae	Gymnodiniales	Gymnodiniaceae	NA	NA	NA	NA
ASV_759	Dinoflagellata	Dinophyceae	NA	NA	NA	NA	NA	NA
ASV_761	Dinoflagellata	Dinophyceae	Gymnodiniales	Gymnodiniaceae	Paragymnodinium	Paragymnodinium_shiwhaense	NA	NA
ASV_763	Dinoflagellata	Dinophyceae	Gymnodiniales	Kareniaceae	NA	NA	NA	NA
ASV_765	Dinoflagellata	Dinophyceae	Gymnodiniales	Gymnodiniaceae	Gymnodinium	Gymnodinium_sp	NA	NA
ASV_768	Dinoflagellata	Dinophyceae	Suessiales	Symbiodiniaceae	Cladocopium	NA	98.7_C66au	ASV_768_98.7_C66au
ASV_769	Dinoflagellata	Dinophyceae	Gymnodiniales	Gymnodiniaceae	Gyrodiniellum	Gyrodiniellum_shiwhaense	NA	NA
ASV_771	Dinoflagellata	Dinophyceae	Gymnodiniales	Gymnodiniaceae	Gymnodinium	NA	NA	NA
ASV_774	Dinoflagellata	Dinophyceae	Gymnodiniales	Gymnodiniaceae	Gymnodinium	NA	NA	NA
ASV_775	Dinoflagellata	Dinophyceae	Suessiales	NA	NA	NA	NA	NA
ASV_776	Dinoflagellata	Dinophyceae	Gymnodiniales	Gymnodiniaceae	Gymnodinium	Gymnodinium_sp	NA	NA
ASV_777	Dinoflagellata	Dinophyceae	Suessiales	Suessiaceae	Protodinium	Protodinium_simplex	NA	NA
ASV_779	Dinoflagellata	Dinophyceae	NA	NA	NA	NA	NA	NA
ASV_780	Dinoflagellata	Dinophyceae	Gymnodiniales	Kareniaceae	Karlodinium	Karlodinium_veneficum	NA	NA
ASV_784	Dinoflagellata	Dinophyceae	Suessiales	Symbiodiniaceae	Symbiodinium	A_EU106366	92.9_A2r	ASV_784_92.9_A2r
ASV_788	Dinoflagellata	Dinophyceae	Gymnodiniales	Gymnodiniaceae	Gymnodinium	Gymnodinium_sp	NA	NA
ASV_789	Dinoflagellata	Dinophyceae	NA	NA	NA	NA	NA	NA
ASV_79	Dinoflagellata	Dinophyceae	Suessiales	Biecheleriaceae	Biecheleria	NA	NA	NA
ASV_790	Dinoflagellata	Dinophyceae	Suessiales	NA	NA	NA	NA	NA
ASV_797	Dinoflagellata	Dinophyceae	NA	NA	NA	NA	NA	NA
ASV_799	Dinoflagellata	Dinophyceae	Gymnodiniales	Kareniaceae	Karlodinium	Karlodinium_veneficum	NA	NA
ASV_8	Dinoflagellata	Dinophyceae	Suessiales	Symbiodiniaceae	Durusdinium	NA	D4	ASV_8_D4
ASV_803	Dinoflagellata	Dinophyceae	NA	NA	NA	NA	NA	NA
ASV_804	Dinoflagellata	Dinophyceae	Gymnodiniales	NA	NA	NA	NA	NA
ASV_805	Dinoflagellata	Dinophyceae	NA	NA	NA	NA	NA	NA
ASV_807	Dinoflagellata	Dinophyceae	NA	NA	NA	NA	NA	NA
ASV_81	Dinoflagellata	Dinophyceae	Suessiales	Suessiaceae	NA	NA	NA	NA
ASV_812	Dinoflagellata	Dinophyceae	NA	NA	NA	NA	NA	NA
ASV_813	Dinoflagellata	Dinophyceae	Gonyaulacales	Gonyaulacaceae	Alexandrium	Alexandrium_tamutum	NA	NA
ASV_814	Dinoflagellata	Dinophyceae	Gymnodiniales	Gymnodiniaceae	NA	NA	NA	NA
ASV_818	Dinoflagellata	Dinophyceae	Gymnodiniales	Gymnodiniaceae	Gymnodinium	NA	NA	NA
ASV_820	Dinoflagellata	Dinophyceae	Gymnodiniales	Gymnodiniaceae	Gymnodinium	Gymnodinium_aureolum	NA	NA
ASV_821	Dinoflagellata	Dinophyceae	NA	NA	NA	NA	NA	NA
ASV_825	Dinoflagellata	Dinophyceae	Gonyaulacales	Gonyaulacaceae	Protoceratium	Protoceratium_sp	NA	NA
ASV_826	Dinoflagellata	Dinophyceae	NA	NA	NA	NA	NA	NA
ASV_828	Dinoflagellata	Dinophyceae	Gymnodiniales	Kareniaceae	Takayama	Takayama_acrotrocha	NA	NA
ASV_83	Dinoflagellata	Dinophyceae	Gymnodiniales	Kareniaceae	NA	NA	NA	NA
ASV_830	Dinoflagellata	Dinophyceae	Suessiales	Symbiodiniaceae	clade_J	NA	79.6_J_LC503420	ASV_830_79.6_J_LC503420
ASV_832	Dinoflagellata	Dinophyceae	NA	NA	NA	NA	NA	NA
ASV_833	Dinoflagellata	Dinophyceae	Gymnodiniales	Gymnodiniaceae	Gymnodinium	Gymnodinium_sp	NA	NA
ASV_834	Dinoflagellata	Dinophyceae	Suessiales	Symbiodiniaceae	clade_J	NA	80.3_J_LC503420	ASV_834_80.3_J_LC503420
ASV_835	Dinoflagellata	Dinophyceae	Peridiniales	Heterocapsaceae	Heterocapsa	Heterocapsa_triquetra	NA	NA
ASV_837	Dinoflagellata	Dinophyceae	NA	NA	NA	NA	NA	NA
ASV_840	Dinoflagellata	Dinophyceae	Suessiales	Symbiodiniaceae	Symbiodinium	5596_A_id98.3_A5ac	98.3_A5ac	ASV_840_98.3_A5ac
ASV_843	Dinoflagellata	Dinophyceae	Peridiniales	Heterocapsaceae	Heterocapsa	Heterocapsa_triquetra	NA	NA
ASV_846	Dinoflagellata	Dinophyceae	Thoracosphaerales	Thoracosphaeraceae	Scrippsiella	Scrippsiella_bicarinata	NA	NA
ASV_848	Dinoflagellata	Dinophyceae	NA	NA	NA	NA	NA	NA
ASV_849	Dinoflagellata	Dinophyceae	Peridiniales	Heterocapsaceae	Heterocapsa	Heterocapsa_triquetra	NA	NA
ASV_851	Dinoflagellata	Dinophyceae	NA	NA	NA	NA	NA	NA
ASV_852	Dinoflagellata	Dinophyceae	Suessiales	Symbiodiniaceae	clade_I	5659_I_id97.1_I2k	97.4_I2	ASV_852_97.4_I2
ASV_853	Dinoflagellata	Dinophyceae	Peridiniales	NA	NA	NA	NA	NA
ASV_856	Dinoflagellata	Dinophyceae	Suessiales	NA	NA	NA	NA	NA
ASV_857	Dinoflagellata	Dinophyceae	NA	NA	NA	NA	NA	NA
ASV_858	Dinoflagellata	Dinophyceae	Gymnodiniales	Gymnodiniaceae	Gyrodiniellum	Gyrodiniellum_shiwhaense	NA	NA
ASV_859	Dinoflagellata	Dinophyceae	NA	NA	NA	NA	NA	NA
ASV_86	Dinoflagellata	Dinophyceae	Gymnodiniales	Gymnodiniaceae	Gyrodiniellum	Gyrodiniellum_shiwhaense	NA	NA
ASV_861	Dinoflagellata	Dinophyceae	Gymnodiniales	Kareniaceae	Takayama	Takayama_acrotrocha	NA	NA
ASV_862	Dinoflagellata	Dinophyceae	Gymnodiniales	Gymnodiniaceae	Paragymnodinium	Paragymnodinium_shiwhaense	NA	NA
ASV_867	Dinoflagellata	Dinophyceae	NA	NA	NA	NA	NA	NA
ASV_868	Dinoflagellata	Dinophyceae	NA	NA	NA	NA	NA	NA
ASV_869	Dinoflagellata	Dinophyceae	Suessiales	Symbiodiniaceae	Symbiodinium	NA	75.8_A4x_A4u	ASV_869_75.8_A4x_A4u
ASV_875	Dinoflagellata	Dinophyceae	Suessiales	Symbiodiniaceae	clade_J	NA	80.3_J_LC503420	ASV_875_80.3_J_LC503420
ASV_878	Dinoflagellata	Dinophyceae	Gymnodiniales	Kareniaceae	Karlodinium	Karlodinium_veneficum	NA	NA
ASV_879	Dinoflagellata	Dinophyceae	NA	NA	NA	NA	NA	NA
ASV_882	Dinoflagellata	Dinophyceae	NA	NA	NA	NA	NA	NA
ASV_885	Dinoflagellata	Dinophyceae	NA	NA	NA	NA	NA	NA
ASV_887	Dinoflagellata	Dinophyceae	Suessiales	Symbiodiniaceae	Cladocopium	NA	94.7_C1jz	ASV_887_94.7_C1jz
ASV_892	Dinoflagellata	Dinophyceae	Suessiales	NA	NA	NA	NA	NA
ASV_893	Dinoflagellata	Dinophyceae	Gymnodiniales	NA	NA	NA	NA	NA
ASV_894	Dinoflagellata	Dinophyceae	Suessiales	Symbiodiniaceae	Cladocopium	C_EU074883_C40c_98.9_C1al	95.5_C15ea	ASV_894_95.5_C15ea
ASV_897	Dinoflagellata	Dinophyceae	Suessiales	Suessiaceae	NA	NA	NA	NA
ASV_898	Dinoflagellata	Dinophyceae	Suessiales	Symbiodiniaceae	Symbiodinium	NA	76.8_A2t	ASV_898_76.8_A2t
ASV_9	Dinoflagellata	Dinophyceae	Suessiales	Symbiodiniaceae	Cladocopium	NA	C21dp	ASV_9_C21dp
ASV_90	Dinoflagellata	Dinophyceae	Suessiales	Suessiaceae	NA	NA	NA	NA
ASV_900	Dinoflagellata	Dinophyceae	Gymnodiniales	Kareniaceae	Karlodinium	NA	NA	NA
ASV_901	Dinoflagellata	Dinophyceae	NA	NA	NA	NA	NA	NA
ASV_902	Dinoflagellata	Dinophyceae	Gymnodiniales	Kareniaceae	Karlodinium	NA	NA	NA
ASV_903	Dinoflagellata	Dinophyceae	Prorocentrales	Prorocentraceae	Prorocentrum	Prorocentrum_donghaiense	NA	NA
ASV_904	Dinoflagellata	Dinophyceae	Suessiales	Symbiodiniaceae	clade_J	J_LC503420_17OKTs7-09	99.6_J_LC503420	ASV_904_99.6_J_LC503420
ASV_914	Dinoflagellata	Dinophyceae	Gymnodiniales	Gymnodiniaceae	NA	NA	NA	NA
ASV_915	Dinoflagellata	Dinophyceae	Suessiales	Suessiaceae	NA	NA	NA	NA
ASV_916	Dinoflagellata	Dinophyceae	Suessiales	Symbiodiniaceae	clade_J	J_LC503409_17OKTs6-04	98.2_J_LC503420	ASV_916_98.2_J_LC503420
ASV_917	Dinoflagellata	Dinophyceae	NA	NA	NA	NA	NA	NA
ASV_921	Dinoflagellata	Dinophyceae	NA	NA	NA	NA	NA	NA
ASV_922	Dinoflagellata	Dinophyceae	NA	NA	NA	NA	NA	NA
ASV_923	Dinoflagellata	Dinophyceae	NA	NA	NA	NA	NA	NA
ASV_925	Dinoflagellata	Dinophyceae	NA	NA	NA	NA	NA	NA
ASV_926	Dinoflagellata	Dinophyceae	Gymnodiniales	Gymnodiniaceae	Lepidodinium	Lepidodinium_viride	NA	NA
ASV_927	Dinoflagellata	Dinophyceae	Peridiniales	Heterocapsaceae	Heterocapsa	Heterocapsa_triquetra	NA	NA
ASV_928	Dinoflagellata	Dinophyceae	NA	NA	NA	NA	NA	NA
ASV_929	Dinoflagellata	Dinophyceae	Dinophysiales	Dinophysiaceae	Histioneis	Histioneis_sp	NA	NA
ASV_930	Dinoflagellata	Dinophyceae	NA	NA	NA	NA	NA	NA
ASV_933	Dinoflagellata	Dinophyceae	Gymnodiniales	Kareniaceae	Takayama	Takayama_acrotrocha	NA	NA
ASV_939	Dinoflagellata	Dinophyceae	NA	NA	NA	NA	NA	NA
ASV_94	Dinoflagellata	Dinophyceae	NA	NA	NA	NA	NA	NA
ASV_940	Dinoflagellata	Dinophyceae	Gymnodiniales	Kareniaceae	Karlodinium	Karlodinium_veneficum	NA	NA
ASV_941	Dinoflagellata	Dinophyceae	Gymnodiniales	Kareniaceae	Karlodinium	Karlodinium_veneficum	NA	NA
ASV_942	Dinoflagellata	Dinophyceae	NA	NA	NA	NA	NA	NA
ASV_943	Dinoflagellata	Dinophyceae	Dinophysiales	Dinophysiaceae	Phalacroma	Phalacroma_cf__rotundatum	NA	NA
ASV_947	Dinoflagellata	Dinophyceae	NA	NA	NA	NA	NA	NA
ASV_948	Dinoflagellata	Dinophyceae	NA	NA	NA	NA	NA	NA
ASV_949	Dinoflagellata	Dinophyceae	Gymnodiniales	Kareniaceae	NA	NA	NA	NA
ASV_950	Dinoflagellata	Dinophyceae	Gymnodiniales	Gymnodiniaceae	Lepidodinium	Lepidodinium_viride	NA	NA
ASV_952	Dinoflagellata	Dinophyceae	NA	NA	NA	NA	NA	NA
ASV_954	Dinoflagellata	Dinophyceae	NA	NA	NA	NA	NA	NA
ASV_957	Dinoflagellata	Dinophyceae	Suessiales	Symbiodiniaceae	Symbiodinium	5840_A_id84.3_A1mr	A1di	ASV_957_A1di
ASV_96	Dinoflagellata	Dinophyceae	Suessiales	Suessiaceae	NA	NA	NA	NA
ASV_960	Dinoflagellata	Dinophyceae	Suessiales	Symbiodiniaceae	Freudenthalidium	NA	85.1_F3s_F3p	ASV_960_85.1_F3s_F3p
ASV_964	Dinoflagellata	Dinophyceae	Thoracosphaerales	Thoracosphaeraceae	Scrippsiella	Scrippsiella_bicarinata	NA	NA
ASV_965	Dinoflagellata	Dinophyceae	Peridiniales	NA	NA	NA	NA	NA
ASV_966	Dinoflagellata	Dinophyceae	Peridiniales	Heterocapsaceae	Heterocapsa	Heterocapsa_triquetra	NA	NA
ASV_969	Dinoflagellata	Dinophyceae	Gymnodiniales	Gymnodiniaceae	Gymnodinium	Gymnodinium_sp	NA	NA
ASV_971	Dinoflagellata	Dinophyceae	Suessiales	Symbiodiniaceae	Miliolidium	NA	85.7_M_D1.2_PSP1-05	ASV_971_85.7_M_D1.2_PSP1-05
ASV_972	Dinoflagellata	Dinophyceae	NA	NA	NA	NA	NA	NA
ASV_974	Dinoflagellata	Dinophyceae	Suessiales	Symbiodiniaceae	Symbiodinium	NA	99.6_A5ac	ASV_974_99.6_A5ac
ASV_976	Dinoflagellata	Dinophyceae	Gonyaulacales	Gonyaulacaceae	Alexandrium	NA	NA	NA
ASV_978	Dinoflagellata	Dinophyceae	Gymnodiniales	Gymnodiniaceae	Gymnodinium	NA	NA	NA
ASV_979	Dinoflagellata	Dinophyceae	Suessiales	Symbiodiniaceae	Cladocopium	NA	C50c	ASV_979_C50c
ASV_980	Dinoflagellata	Dinophyceae	NA	NA	NA	NA	NA	NA
ASV_981	Dinoflagellata	Dinophyceae	Thoracosphaerales	Thoracosphaeraceae	Scrippsiella	Scrippsiella_hangoei	NA	NA
ASV_982	Dinoflagellata	Dinophyceae	NA	NA	NA	NA	NA	NA
ASV_983	Dinoflagellata	Dinophyceae	Gymnodiniales	Gymnodiniaceae	Gymnodinium	NA	NA	NA
ASV_985	Dinoflagellata	Dinophyceae	Gymnodiniales	Gymnodiniaceae	Gyrodiniellum	Gyrodiniellum_shiwhaense	NA	NA
ASV_987	Dinoflagellata	Dinophyceae	Suessiales	NA	NA	NA	NA	NA
ASV_990	Dinoflagellata	Dinophyceae	Gymnodiniales	NA	NA	NA	NA	NA
ASV_991	Dinoflagellata	Dinophyceae	Gymnodiniales	Kareniaceae	Takayama	Takayama_acrotrocha	NA	NA
ASV_992	Dinoflagellata	Dinophyceae	NA	NA	NA	NA	NA	NA
ASV_994	Dinoflagellata	Dinophyceae	NA	NA	NA	NA	NA	NA
ASV_998	Dinoflagellata	Dinophyceae	Suessiales	Symbiodiniaceae	Symbiodinium	NA	77.1_A2u	ASV_998_77.1_A2u
